Timestamp,Direction,Type,Hash,From,To,Amount,Fee,Block
2024-04-13 08:26:10,IN,transfer,d948ef26eec6eda532d795cc67e080c6ca2789ef9ef59497661e1a06b46e1e69,Q010800d1f8900a72abeb583737b8bcd1185e07a54760551173cd15ffe2408048a2df150556cad9,Q0105002eae4b2a8d95a8dfdabe62c2a27e0e37daa9ce4b424049cd7b8f64074962625000595023,8.643700000,0.000500000,3062101
2024-04-08 00:24:30,IN,transfer,a60c8cd62533374ca2fd2d8e943f765fc24c6fb84abe6f30e515cb5f5b74f437,Q010800d1f8900a72abeb583737b8bcd1185e07a54760551173cd15ffe2408048a2df150556cad9,Q0105002eae4b2a8d95a8dfdabe62c2a27e0e37daa9ce4b424049cd7b8f64074962625000595023,30.033100000,0.001000000,3054405
2022-04-24 18:18:32,MISC,transfer,79591ef328c8e7a1d5e4152e9fcb8a25bd31061376bd307de4e097c9b535abc6,Q010800d1f8900a72abeb583737b8bcd1185e07a54760551173cd15ffe2408048a2df150556cad9,Q010500cae100e4791174571c3f76cd8e9f9a5a18a9ef4a396069987359fcf7c330e014cd60c84e,1.150000000,0.000500000,2022238
2022-04-16 21:40:33,IN,transfer,0cd0688101168c4c1b49ec6a9c17f94efa1bdf1722e70874f9f25d5e5c32f30f,Q010800d1f8900a72abeb583737b8bcd1185e07a54760551173cd15ffe2408048a2df150556cad9,Q0105002eae4b2a8d95a8dfdabe62c2a27e0e37daa9ce4b424049cd7b8f64074962625000595023,91.210000000,0.000500000,2010963
2022-03-18 21:38:45,IN,transfer,7e966970a5b9b9dd1d6eca712055d54b4471c32463eb98405900d6a43c518337,Q010800d1f8900a72abeb583737b8bcd1185e07a54760551173cd15ffe2408048a2df150556cad9,Q0105002eae4b2a8d95a8dfdabe62c2a27e0e37daa9ce4b424049cd7b8f64074962625000595023,90.820000000,0.000500000,1969140
2022-02-21 08:28:04,IN,transfer,81410f9c696885637c0908deb754ef54984508d731d6ed714592e96ec94a9cec,Q010800d1f8900a72abeb583737b8bcd1185e07a54760551173cd15ffe2408048a2df150556cad9,Q0105002eae4b2a8d95a8dfdabe62c2a27e0e37daa9ce4b424049cd7b8f64074962625000595023,91.480000000,0.000500000,1932485
2022-02-07 17:46:57,IN,transfer,ae5a52263c20298065e6b840fee2cb25d4b6cbb7e099bc2605613221da8a25a9,Q010800d1f8900a72abeb583737b8bcd1185e07a54760551173cd15ffe2408048a2df150556cad9,Q0105002eae4b2a8d95a8dfdabe62c2a27e0e37daa9ce4b424049cd7b8f64074962625000595023,91.610000000,0.000500000,1912745
2022-01-23 14:40:32,IN,transfer,f4fff79faa269c36c3dd91559e2a7a797930c66f9c7c57f12462fcb255e76319,Q010800d1f8900a72abeb583737b8bcd1185e07a54760551173cd15ffe2408048a2df150556cad9,Q0105002eae4b2a8d95a8dfdabe62c2a27e0e37daa9ce4b424049cd7b8f64074962625000595023,91.980000000,0.000500000,1890641
2022-01-04 09:02:40,IN,transfer,3612e0fea57028b2565114f7723f5baa67c5f3abb74321b3fe895f8c9c833f4b,Q010800d1f8900a72abeb583737b8bcd1185e07a54760551173cd15ffe2408048a2df150556cad9,Q0105002eae4b2a8d95a8dfdabe62c2a27e0e37daa9ce4b424049cd7b8f64074962625000595023,92.290000000,0.000500000,1862551
2021-12-25 20:31:28,IN,transfer,6f9bcaa2c43b5110331cc2d2d837fdfa6aa9c257f7edeca415b93b27d02609d8,Q010800d1f8900a72abeb583737b8bcd1185e07a54760551173cd15ffe2408048a2df150556cad9,Q0105002eae4b2a8d95a8dfdabe62c2a27e0e37daa9ce4b424049cd7b8f64074962625000595023,92.550000000,0.000500000,1848692
2021-12-12 18:28:16,IN,transfer,46fe8886e406df28b1c0f7de41d524ad575390c2ec7f41537221b07a75c49f7c,Q010800d1f8900a72abeb583737b8bcd1185e07a54760551173cd15ffe2408048a2df150556cad9,Q0105002eae4b2a8d95a8dfdabe62c2a27e0e37daa9ce4b424049cd7b8f64074962625000595023,92.680000000,0.000500000,1829660
2021-11-27 10:51:02,IN,transfer,917ae52a04b6d34c57166d9589a3d620daea98ea4d1cae4b29a7dbca1273691f,Q010800d1f8900a72abeb583737b8bcd1185e07a54760551173cd15ffe2408048a2df150556cad9,Q0105002eae4b2a8d95a8dfdabe62c2a27e0e37daa9ce4b424049cd7b8f64074962625000595023,92.940000000,0.000500000,1807381
2021-09-16 17:59:58,MISC,transfer,f8bd1ba0a19cf5942f941b377800d66e4ccf3dc5eb3d5881414adfc8a2f69d75,Q010800d1f8900a72abeb583737b8bcd1185e07a54760551173cd15ffe2408048a2df150556cad9,Q010500cae100e4791174571c3f76cd8e9f9a5a18a9ef4a396069987359fcf7c330e014cd60c84e,1.780000000,0.000500000,1703871
2021-09-01 22:55:34,IN,transfer,0baa9391bbea00237afd9584e504ca9fd06d5960a4758732256b2d6beb97156c,Q010800d1f8900a72abeb583737b8bcd1185e07a54760551173cd15ffe2408048a2df150556cad9,Q0105002eae4b2a8d95a8dfdabe62c2a27e0e37daa9ce4b424049cd7b8f64074962625000595023,100.020000000,0.000500000,1682683
2021-08-25 17:20:59,MISC,transfer,6b438e66c15bcf48edb83299c80235af6c6c6b18f9c82205a394ba5aa0b32de0,Q010800d1f8900a72abeb583737b8bcd1185e07a54760551173cd15ffe2408048a2df150556cad9,Q0004000bc68ea98bafba04ce5a39324bc6e17b5e880dc079776c3b5d58fc96218262c5a16957bd,5.000000000,0.000500000,1672267
2021-08-18 07:16:14,MISC,transfer,fb222bc3a316b6f61c7672318aa6195b00802b3ded44368397a458862f138fb9,Q010800d1f8900a72abeb583737b8bcd1185e07a54760551173cd15ffe2408048a2df150556cad9,Q0106002ccc7bc6dc5e038f17a46c2b3f1812cbf660b24e5c60ce5c380adede3ee1411c4eba7e6c,1.030000000,0.000500000,1661665
2021-08-16 05:15:19,MISC,transfer,75d9e8b00fb76372d49d59f0c3e6d5b893af13709ad9e22035f0f26f59f95111,Q010800d1f8900a72abeb583737b8bcd1185e07a54760551173cd15ffe2408048a2df150556cad9,Q01050063b3d9496fe32540bf922f36162f05e72b236db7a1c97f134f3f03b41a6d932fd1ec7e6c,0.500000000,0.000500000,1658660
2021-08-12 00:12:42,IN,transfer,604dc954f978921c8d917e4a21852982fdfedc41bc1f527f0bef3e175fa6201a,Q010800d1f8900a72abeb583737b8bcd1185e07a54760551173cd15ffe2408048a2df150556cad9,Q0105002eae4b2a8d95a8dfdabe62c2a27e0e37daa9ce4b424049cd7b8f64074962625000595023,50.310000000,0.000500000,1652619
2021-08-09 11:42:55,MISC,transfer,edb3a0084bb887c90f6946ff016bdaf9266530b7189c6b5445b7be7c1ebddf8e,Q010800d1f8900a72abeb583737b8bcd1185e07a54760551173cd15ffe2408048a2df150556cad9,Q010500a5d6d6754796e2cca39aadebf3b048826671c2a49a7f8ce7fac28b707114b53987c48ad6,0.500000000,0.000500000,1649028
2021-08-05 02:13:04,MISC,transfer,c92b13ee01fa16605d2ce11664f141c857ab190b51716cc687dcd5174044777e,Q010800d1f8900a72abeb583737b8bcd1185e07a54760551173cd15ffe2408048a2df150556cad9,Q010500cae100e4791174571c3f76cd8e9f9a5a18a9ef4a396069987359fcf7c330e014cd60c84e,0.510000000,0.000500000,1642746
2021-07-31 01:39:19,MISC,transfer,991178b96a872d9eceb3df4446c83369d38fac815fc11d832e4ac48a97295740,Q010800d1f8900a72abeb583737b8bcd1185e07a54760551173cd15ffe2408048a2df150556cad9,Q0103000f9f256727523c4e9d1426f67e916b721c0baedf2cb82707347dd06ad320a0544786f00a,5.020000000,0.000500000,1635603
2021-07-26 12:06:25,MISC,transfer,4f36b6a780f16448bbb0a249fa9e4ef652c93527257cc2e5caba78b3ad3c950e,Q010800d1f8900a72abeb583737b8bcd1185e07a54760551173cd15ffe2408048a2df150556cad9,Q01050059f7ec7601527d1c7bdae3b355893e2a30f5f063fae883f83d1b9f4ccbce428e75488ae7,0.500000000,0.000500000,1629063
2021-07-21 12:35:49,IN,transfer,df80125626b635f7391c0dfbf2abc60a2864c916ef2529d15e7325d93e405c3f,Q010800d1f8900a72abeb583737b8bcd1185e07a54760551173cd15ffe2408048a2df150556cad9,Q0105002eae4b2a8d95a8dfdabe62c2a27e0e37daa9ce4b424049cd7b8f64074962625000595023,10.080000000,0.000500000,1621909
2021-07-18 13:02:39,IN,transfer,2f206bc4a1237ea243033161b90823fcd41baa4ca24ef26fd7b88b9345ec155f,Q010800d1f8900a72abeb583737b8bcd1185e07a54760551173cd15ffe2408048a2df150556cad9,Q0105002eae4b2a8d95a8dfdabe62c2a27e0e37daa9ce4b424049cd7b8f64074962625000595023,25.210000000,0.000500000,1617648
2021-07-13 16:29:06,IN,transfer,ae2978c3e5ceecfb66fd62f03c42696d2637817dd653d7eedc3d239f1983cf63,Q010800d1f8900a72abeb583737b8bcd1185e07a54760551173cd15ffe2408048a2df150556cad9,Q0105002eae4b2a8d95a8dfdabe62c2a27e0e37daa9ce4b424049cd7b8f64074962625000595023,25.240000000,0.000500000,1610711
2021-07-11 04:26:18,MISC,transfer,8d6990cb70ddcca54474fb0fd7b7e27a001c7c738fd617e53cd8fec4b8541b90,Q010800d1f8900a72abeb583737b8bcd1185e07a54760551173cd15ffe2408048a2df150556cad9,Q01050055c18f5d210f0fcf893ae9bf4dd55f01a9b998b71d657971652bf011a89f00cc17654388,0.500000000,0.000500000,1607149
2021-07-07 16:03:34,IN,transfer,362c2bba94aaac419d9806049fe8f850475b0007a216b11c7cf8c032c233d0e7,Q010800d1f8900a72abeb583737b8bcd1185e07a54760551173cd15ffe2408048a2df150556cad9,Q0105002eae4b2a8d95a8dfdabe62c2a27e0e37daa9ce4b424049cd7b8f64074962625000595023,25.280000000,0.000500000,1602153
2021-07-04 07:01:16,IN,transfer,ddcb520183b319aeb5ba574fec66e4984d5339c865934a9ba02ef9b6bdbae10d,Q010800d1f8900a72abeb583737b8bcd1185e07a54760551173cd15ffe2408048a2df150556cad9,Q0105002eae4b2a8d95a8dfdabe62c2a27e0e37daa9ce4b424049cd7b8f64074962625000595023,25.290000000,0.000500000,1597358
2021-06-30 13:24:22,IN,transfer,11d1aaba0984406a23c5b5f7f4acffa9288068a5ef33aa58e07fc5fa234bf48b,Q010800d1f8900a72abeb583737b8bcd1185e07a54760551173cd15ffe2408048a2df150556cad9,Q0105002eae4b2a8d95a8dfdabe62c2a27e0e37daa9ce4b424049cd7b8f64074962625000595023,26.750000000,0.000500000,1591969
2021-06-24 16:56:18,IN,transfer,6307dd24daf15b5f9245a042c80b666caf6d44cbbbf741a037b3c1f05759f61b,Q010800d1f8900a72abeb583737b8bcd1185e07a54760551173cd15ffe2408048a2df150556cad9,Q0105002eae4b2a8d95a8dfdabe62c2a27e0e37daa9ce4b424049cd7b8f64074962625000595023,27.100000000,0.000500000,1583463
2021-06-20 21:46:35,MISC,transfer,1b2ee8a8ca9d72d340d715f945e65821185e7fa0aa2d8ddec3c389e6706b8ec9,Q010800d1f8900a72abeb583737b8bcd1185e07a54760551173cd15ffe2408048a2df150556cad9,Q0103000f9f256727523c4e9d1426f67e916b721c0baedf2cb82707347dd06ad320a0544786f00a,5.080000000,0.000500000,1577922
2021-06-14 14:41:05,MISC,transfer,6a49599281c38a81ef92adc87fddd7ba405bdc9273690ef32f311b1c6732a2a7,Q010800d1f8900a72abeb583737b8bcd1185e07a54760551173cd15ffe2408048a2df150556cad9,Q010600b6a4aaa48a3a5dbcb0d78425b27eb6f9d21c9b4e7523c4911347d58b61c5f07ec29cf3ff,0.540000000,0.000500000,1568800
2021-06-11 11:35:29,MISC,transfer,d68389fb726310de1435efe133e5806f8e6da30e7e8e1a4c45657fedc03b9737,Q010800d1f8900a72abeb583737b8bcd1185e07a54760551173cd15ffe2408048a2df150556cad9,Q010500cae100e4791174571c3f76cd8e9f9a5a18a9ef4a396069987359fcf7c330e014cd60c84e,0.840000000,0.000500000,1564324
2021-06-10 10:36:19,MISC,transfer,244d6be3167b16712ac502ed5808078ca5a2f64c4f8d274c08059e77354bb6ac,Q010800d1f8900a72abeb583737b8bcd1185e07a54760551173cd15ffe2408048a2df150556cad9,Q010500321b3eeefe6a0f17d715a084dbcab2b58143b2afc7da7deb4510e3457105358233397b94,0.500000000,0.000500000,1562754
2021-06-07 05:34:12,MISC,transfer,94a39a222e3ac0e511fb2e75c16d14d8ea3347abfaea21cb3d4fc27ba221767b,Q010800d1f8900a72abeb583737b8bcd1185e07a54760551173cd15ffe2408048a2df150556cad9,Q00040074fe47142e66af0d07f94e701742976979c23a7fa66da5e6bcc5bc85c978ec7f97ca565c,0.510000000,0.000500000,1558134
2021-06-03 14:31:59,MISC,transfer,c7fa8c9304b672692fb487444655955e258d7cca60f6e7a2dea208dbf9de0bae,Q010800d1f8900a72abeb583737b8bcd1185e07a54760551173cd15ffe2408048a2df150556cad9,Q010500ec5f89541518c442ffcf095d2bad81c5d3eb10f75865509bf471bf71fc49d5e8869a9f2b,0.530000000,0.000500000,1552933
2021-06-03 06:59:31,MISC,transfer,d4427498f56555394fa56c7ed840c5a1c26b3157a9b0836c1b7fad9bbcf1a727,Q010800d1f8900a72abeb583737b8bcd1185e07a54760551173cd15ffe2408048a2df150556cad9,Q010500727848083c83be1ace02290a339b4eec83ec365e25cec9fe281b6b434ccc41deab93aadf,0.720000000,0.000500000,1552428
2021-06-02 21:57:49,MISC,transfer,5dccfbcf07f57eb39336de2089912004f54841fdc06fb2a04f094801ae2b37b4,Q010800d1f8900a72abeb583737b8bcd1185e07a54760551173cd15ffe2408048a2df150556cad9,Q010500727848083c83be1ace02290a339b4eec83ec365e25cec9fe281b6b434ccc41deab93aadf,0.530000000,0.000500000,1551905
2021-06-02 19:07:17,MISC,transfer,f42844e9bcf924d69f2fc4c5c86d76aeb87d58180dc194e14fef3698b6dc242f,Q010800d1f8900a72abeb583737b8bcd1185e07a54760551173cd15ffe2408048a2df150556cad9,Q010500727848083c83be1ace02290a339b4eec83ec365e25cec9fe281b6b434ccc41deab93aadf,0.510000000,0.000500000,1551675